Title,Release Year,Locations,Fun Facts,Production Company,Distributor,Director,Writer,Actor 1,Actor 2,Actor 3,latitude,longitude
180,2011,Randall Musuem,,SPI Cinemas,,Jayendra,"Umarji Anuradha, Jayendra, Aarthi Sriram, & Suba ",Siddarth,Nithya Menon,Priya Anand,37.7643243,-122.4384077
180,2011,555 Market St.,,SPI Cinemas,,Jayendra,"Umarji Anuradha, Jayendra, Aarthi Sriram, & Suba ",Siddarth,Nithya Menon,Priya Anand,37.78989,-122.39993
180,2011,Mason & California Streets (Nob Hill),,SPI Cinemas,,Jayendra,"Umarji Anuradha, Jayendra, Aarthi Sriram, & Suba ",Siddarth,Nithya Menon,Priya Anand,37.7918653,-122.4108305
180,2011,Justin Herman Plaza,,SPI Cinemas,,Jayendra,"Umarji Anuradha, Jayendra, Aarthi Sriram, & Suba ",Siddarth,Nithya Menon,Priya Anand,36.778261,-119.4179324
180,2011,200 block Market Street,,SPI Cinemas,,Jayendra,"Umarji Anuradha, Jayendra, Aarthi Sriram, & Suba ",Siddarth,Nithya Menon,Priya Anand,37.7931329,-122.3965602
180,2011,Epic Roasthouse (399 Embarcadero),,SPI Cinemas,,Jayendra,"Umarji Anuradha, Jayendra, Aarthi Sriram, & Suba ",Siddarth,Nithya Menon,Priya Anand,36.778261,-119.4179324
180,2011,City Hall,,SPI Cinemas,,Jayendra,"Umarji Anuradha, Jayendra, Aarthi Sriram, & Suba ",Siddarth,Nithya Menon,Priya Anand,37.7793176,-122.4191405
180,2011,Polk & Larkin Streets,,SPI Cinemas,,Jayendra,"Umarji Anuradha, Jayendra, Aarthi Sriram, & Suba ",Siddarth,Nithya Menon,Priya Anand,37.7775008,-122.4163228
24 Hours on Craigslist,2005,,,Yerba Buena Productions,Zealot Pictures,Michael Ferris Gibson,N/A,Craig Newmark,,,37.7749295,-122.4194155
